<?xml version="1.0" encoding="UTF-8" standalone="no"?>
<uc-export clientvers="12.3.1+build.1570622767455">
<DOCU name="PCK.AUTOMIC_ACRONIS.PUB.DOC">
<DOCU_Docu state="1" type="text">
<DOC><![CDATA[About the Package
================================
Acronis Cyber Cloud is a cloud platform that enables service providers, re-sellers, and distributors to deliver data protection services to their partners and customers.

The services are provided at the partner level, down to the customer company level and the end-user level.

The services management is available through web applications called the service consoles. The tenant and user account management is available through a web application called the management portal.

The management portal enables administrators to:

Monitor the service usage and access the service consoles
Manage tenants
Manage user accounts
Configure services and quotas for tenants
Manage storage
Manage branding
Generate reports about the service usage

=Supported versions=
Acronis REST API v2

=Setup=  
* OpenJDK 1.8 or higher must be installed on Agent OS and "java" must be set as executable on the same.
* The Agent should be able to access Acronis URL in order to make HTTP requests.
 
=Common Inputs=
* Acronis Endpoint URL			: Endpoint to connect to the acronis. E.g. https://us5-cloud.acronis.com
* API Version					: Acronis REST API version. E.g. 2

* Username 						: Username to access
* Password						: Password for username
Note: GET_TOKEN and ACTIVATE_USER action needs Client Id and Client Secret for the authentication instead of Username and Password. CREATE_CLIENT action can be used to get the client id and client secret.
* Client ID            		    : Client ID 
* Client Secret                 : Client Secret 
	
* Overwrite Agent				: Overwrites the default agent
* Overwrite Login				: Overwrites the default login

=Actions=
Following actions are supported.

* Action name: PCK.AUTOMIC_ACRONIS.PUB.ACTION.CREATE_TENANT
* Action Description: This action creates a tenant.

* Action name: PCK.AUTOMIC_ACRONIS.PUB.ACTION.UPDATE_TENANT
* Action Description: This action updates a tenant.

* Action name: PCK.AUTOMIC_ACRONIS.PUB.ACTION.DELETE_TENANT
* Action Description: This action deletes a tenant.

* Action name: PCK.AUTOMIC_ACRONIS.PUB.ACTION.CREATE_CLIENT
* Action Description: This action will Create a new Client.

* Action name: PCK.AUTOMIC_ACRONIS.PUB.ACTION.GET_TOKEN
* Action Description: This action will get the token using client id and secret.

* Action name: PCK.AUTOMIC_ACRONIS.PUB.ACTION.ENABLE_TENANT
* Action Description: This action will enable a tenant.

* Action name: PCK.AUTOMIC_ACRONIS.PUB.ACTION.DISABLE_TENANT
* Action Description: This action will disable a tenant.

* Action name: PCK.AUTOMIC_ACRONIS.PUB.ACTION.DELETE_USER
* Action Description: This action will delete a user.

* Action name: PCK.AUTOMIC_ACRONIS.PUB.ACTION.GET_USER_SELF
* Action Description: This action will get the loggedin user details from Acronis.

* Action name: PCK.AUTOMIC_ACRONIS.PUB.ACTION.GET_USER
* Action Description: This action will get the user details from Acronis.

* Action name: PCK.AUTOMIC_ACRONIS.PUB.ACTION.GET_TENANT
* Action Description: This action gets the details of a tenant.

* Action name: PCK.AUTOMIC_ACRONIS.PUB.ACTION.CREATE_USER
* Action Description: This action used to create a User.

* Action name: PCK.AUTOMIC_ACRONIS.PUB.ACTION.UPDATE_USER
* Action Description: This action used to update a user.

* Action name: PCK.AUTOMIC_ACRONIS.PUB.ACTION.ENABLE_USER
* Action Description: This action used to enable the user.

* Action name: PCK.AUTOMIC_ACRONIS.PUB.ACTION.DISABLE_USER
* Action Description: This action used to disable the user.

* Action name: PCK.AUTOMIC_ACRONIS.PUB.ACTION.ACTIVATE_USER
* Action Description: This action will activate a user.

* Action name: PCK.AUTOMIC_ACRONIS.PUB.ACTION.SWITCH_CUSTOMER_TO_PRODUCTION
* Action Description: This action will switch customer from trial to production mode .

* Action name: PCK.AUTOMIC_ACRONIS.PUB.ACTION.UPDATE_USER_ROLE
* Action Description: This action will update the role of the user.]]></DOC>
</DOCU_Docu>
<HEADER state="1">
<ArchiveKey1/>
<ArchiveKey2/>
<Title>Pack Documentation</Title>
</HEADER>
</DOCU>
</uc-export>
